{
  "experiment": "baseline_catboost_multiclass",
  "feature_count": 373,
  "class_count_train": 16,
  "class_count_test": 16,
  "accuracy": 0.49089195979899497,
  "f1_macro": 0.2708849383563631,
  "f1_weighted": 0.5118729414981654,
  "per_class_f1": {
    "C": 0.4224299065420561,
    "CS": 0.17486338797814208,
    "H": 0.3710691823899371,
    "HC": 0.061855670103092786,
    "HCS": 0.12987012987012986,
    "HS": 0.2978723404255319,
    "M": 0.325,
    "MC": 0.37220843672456577,
    "MCS": 0.16901408450704225,
    "MH": 0.0,
    "MHC": 0.19047619047619047,
    "MHCS": 0.1891891891891892,
    "MHS": 0.27972027972027974,
    "MS": 0.205761316872428,
    "N": 0.7504990019960079,
    "S": 0.3943298969072165
  },
  "pr_auc_macro": 0.2596877301575531,
  "pr_auc_weighted": 0.5490832243184411,
  "per_class_pr_auc": {
    "C": 0.4132886692293338,
    "CS": 0.09399926997722416,
    "H": 0.350783865266724,
    "HC": 0.06177198157602585,
    "HCS": 0.11351167822891985,
    "HS": 0.3202190803408252,
    "M": 0.29253920931803046,
    "MC": 0.34771850253985737,
    "MCS": 0.13696333271570188,
    "MH": 0.030709042822487802,
    "MHC": 0.14456556393823053,
    "MHCS": 0.27276090795566593,
    "MHS": 0.2189101898688855,
    "MS": 0.1394550708211582,
    "N": 0.8715405348781449,
    "S": 0.34626678304363395
  }
}