{
  "experiment": "clinical_catboost_multiclass",
  "feature_count": 536,
  "class_count_train": 16,
  "class_count_test": 16,
  "accuracy": 0.5816582914572864,
  "f1_macro": 0.348493777912532,
  "f1_weighted": 0.5918016155503419,
  "per_class_f1": {
    "C": 0.5057471264367817,
    "CS": 0.2839506172839506,
    "H": 0.39087947882736157,
    "HC": 0.05555555555555555,
    "HCS": 0.26666666666666666,
    "HS": 0.4219409282700422,
    "M": 0.4329268292682927,
    "MC": 0.4263157894736842,
    "MCS": 0.36363636363636365,
    "MH": 0.05,
    "MHC": 0.0,
    "MHCS": 0.3142857142857143,
    "MHS": 0.4090909090909091,
    "MS": 0.3135593220338983,
    "N": 0.8075009567546881,
    "S": 0.5338441890166028
  },
  "pr_auc_macro": 0.33412026555134605,
  "pr_auc_weighted": 0.6156291397164948,
  "per_class_pr_auc": {
    "C": 0.4634569115267846,
    "CS": 0.1259480255205594,
    "H": 0.37274042882031444,
    "HC": 0.08872464647625472,
    "HCS": 0.2383219488549602,
    "HS": 0.42280895726602735,
    "M": 0.3913057680359139,
    "MC": 0.3991725229161538,
    "MCS": 0.2595059976028928,
    "MH": 0.041432338649034166,
    "MHC": 0.2636850894841487,
    "MHCS": 0.26080723340565753,
    "MHS": 0.3834612418301099,
    "MS": 0.21486616631509795,
    "N": 0.9068150488831602,
    "S": 0.5128719232344674
  }
}