{
  "baseline": {
    "experiment": "baseline_catboost",
    "feature_count": 373,
    "per_class": {
      "CD": {
        "f1_macro": 0.812842674300787,
        "pr_auc": 0.7877486597584457,
        "roc_auc": 0.8985628405971572,
        "skipped": false
      },
      "HYP": {
        "f1_macro": 0.6938327366664168,
        "pr_auc": 0.5811331172691034,
        "roc_auc": 0.8712576528110509,
        "skipped": false
      },
      "MI": {
        "f1_macro": 0.7344541299533525,
        "pr_auc": 0.6844017068151346,
        "roc_auc": 0.8558463203871094,
        "skipped": false
      },
      "NORM": {
        "f1_macro": 0.8433309630231614,
        "pr_auc": 0.8970941402938082,
        "roc_auc": 0.9233488298301957,
        "skipped": false
      },
      "STTC": {
        "f1_macro": 0.7502243691313693,
        "pr_auc": 0.6890625839024075,
        "roc_auc": 0.8774982687811534,
        "skipped": false
      }
    },
    "mean_f1_macro": 0.7669369746150174,
    "mean_pr_auc": 0.7278880416077799,
    "mean_roc_auc": 0.8853027824813335
  },
  "clinical": {
    "experiment": "clinical_catboost",
    "feature_count": 536,
    "per_class": {
      "CD": {
        "f1_macro": 0.809355612866058,
        "pr_auc": 0.8087164548342891,
        "roc_auc": 0.915416038199095,
        "skipped": false
      },
      "HYP": {
        "f1_macro": 0.7536763974510017,
        "pr_auc": 0.6415268915373451,
        "roc_auc": 0.8963657027977417,
        "skipped": false
      },
      "MI": {
        "f1_macro": 0.8090905664680923,
        "pr_auc": 0.805484084905471,
        "roc_auc": 0.9123266560718273,
        "skipped": false
      },
      "NORM": {
        "f1_macro": 0.8631426281651318,
        "pr_auc": 0.9223080052385512,
        "roc_auc": 0.9422166560899469,
        "skipped": false
      },
      "STTC": {
        "f1_macro": 0.8054761034529843,
        "pr_auc": 0.7778396349707555,
        "roc_auc": 0.923043696332875,
        "skipped": false
      }
    },
    "mean_f1_macro": 0.8081482616806536,
    "mean_pr_auc": 0.7911750142972822,
    "mean_roc_auc": 0.9178737498982972
  },
  "baseline_multiclass": {
    "experiment": "baseline_catboost_multiclass",
    "feature_count": 373,
    "class_count_train": 16,
    "class_count_test": 16,
    "accuracy": 0.49089195979899497,
    "f1_macro": 0.2708849383563631,
    "f1_weighted": 0.5118729414981654,
    "per_class_f1": {
      "C": 0.4224299065420561,
      "CS": 0.17486338797814208,
      "H": 0.3710691823899371,
      "HC": 0.061855670103092786,
      "HCS": 0.12987012987012986,
      "HS": 0.2978723404255319,
      "M": 0.325,
      "MC": 0.37220843672456577,
      "MCS": 0.16901408450704225,
      "MH": 0.0,
      "MHC": 0.19047619047619047,
      "MHCS": 0.1891891891891892,
      "MHS": 0.27972027972027974,
      "MS": 0.205761316872428,
      "N": 0.7504990019960079,
      "S": 0.3943298969072165
    },
    "pr_auc_macro": 0.2596877301575531,
    "pr_auc_weighted": 0.5490832243184411,
    "per_class_pr_auc": {
      "C": 0.4132886692293338,
      "CS": 0.09399926997722416,
      "H": 0.350783865266724,
      "HC": 0.06177198157602585,
      "HCS": 0.11351167822891985,
      "HS": 0.3202190803408252,
      "M": 0.29253920931803046,
      "MC": 0.34771850253985737,
      "MCS": 0.13696333271570188,
      "MH": 0.030709042822487802,
      "MHC": 0.14456556393823053,
      "MHCS": 0.27276090795566593,
      "MHS": 0.2189101898688855,
      "MS": 0.1394550708211582,
      "N": 0.8715405348781449,
      "S": 0.34626678304363395
    }
  },
  "clinical_multiclass": {
    "experiment": "clinical_catboost_multiclass",
    "feature_count": 536,
    "class_count_train": 16,
    "class_count_test": 16,
    "accuracy": 0.5816582914572864,
    "f1_macro": 0.348493777912532,
    "f1_weighted": 0.5918016155503419,
    "per_class_f1": {
      "C": 0.5057471264367817,
      "CS": 0.2839506172839506,
      "H": 0.39087947882736157,
      "HC": 0.05555555555555555,
      "HCS": 0.26666666666666666,
      "HS": 0.4219409282700422,
      "M": 0.4329268292682927,
      "MC": 0.4263157894736842,
      "MCS": 0.36363636363636365,
      "MH": 0.05,
      "MHC": 0.0,
      "MHCS": 0.3142857142857143,
      "MHS": 0.4090909090909091,
      "MS": 0.3135593220338983,
      "N": 0.8075009567546881,
      "S": 0.5338441890166028
    },
    "pr_auc_macro": 0.33412026555134605,
    "pr_auc_weighted": 0.6156291397164948,
    "per_class_pr_auc": {
      "C": 0.4634569115267846,
      "CS": 0.1259480255205594,
      "H": 0.37274042882031444,
      "HC": 0.08872464647625472,
      "HCS": 0.2383219488549602,
      "HS": 0.42280895726602735,
      "M": 0.3913057680359139,
      "MC": 0.3991725229161538,
      "MCS": 0.2595059976028928,
      "MH": 0.041432338649034166,
      "MHC": 0.2636850894841487,
      "MHCS": 0.26080723340565753,
      "MHS": 0.3834612418301099,
      "MS": 0.21486616631509795,
      "N": 0.9068150488831602,
      "S": 0.5128719232344674
    }
  }
}